title,tagline,description,instructions,muscles_targeted,difficulty,tips_and_tricks,max_bodyweight_percentage,min_bodyweight_percentage,min_rep_duration,max_rep_duration,is_body_weight
Kettlebell Swing,The Hip-Hinge Powerhouse,"A powerful, full-body movement that develops hip power, core strength, and cardio endurance.","1. Stand with feet shoulder-width apart, holding the kettlebell with both hands in front. 2. Hinge at the hips, bending knees slightly, and push your hips back as you lower the kettlebell between your legs. 3. Drive your hips forward and swing the kettlebell up to chest height, keeping arms straight. 4. Repeat the movement in a fluid, continuous motion.","Glutes, hamstrings, lower back, abs, shoulders, and grip.",Beginner,Keep a neutral spine and explosive hip drive.,20,10,3,5,No
Kettlebell Goblet Squat,The Ultimate Lower Body Builder,"A foundational lower body exercise that targets the quadriceps, hamstrings, and glutes.","1. Stand with feet shoulder-width apart, holding the kettlebell by the horns at chest level. 2. Lower into a squat by bending your knees and pushing your hips back, keeping your chest up and the kettlebell close to your body. 3. Push through your heels to return to the starting position. 4. Repeat for desired reps.","Quadriceps, hamstrings, glutes, and core.",Beginner,Keep your chest up and engage your core throughout the movement.,15,5,3,5,No
Kettlebell Turkish Get-Up,The Full-Body Functional Challenge,"A complex, multi-step exercise that promotes full-body strength, balance, and coordination.","1. Lie on your back with a kettlebell in your right hand, arm extended towards the ceiling. 2. Bend your right knee and place your right foot flat on the floor. 3. Press into your right foot and left elbow to lift your torso off the ground. 4. Transition to a seated position, then to a kneeling position. 5. Stand up, keeping the kettlebell overhead. 6. Reverse the steps to return to the starting position. Repeat on the other side.","Full-body, with emphasis on core, shoulders, and hips.",Intermediate,Break down the movement into steps and practice each one separately before combining.,10,5,10,15,No
Kettlebell Windmill,The Core and Shoulder Stabilizer,"A unique exercise that challenges core stability, shoulder mobility, and hamstring flexibility.","1. Stand with feet wider than shoulder-width apart, holding a kettlebell overhead in your right hand. 2. Turn your left foot out slightly, keeping your right foot pointing forward. 3. Lower your left hand towards your left foot, hinging at your hips while keeping your right arm extended overhead. 4. Return to the starting position by engaging your core and glutes. Repeat on the other side.","Core, shoulders, glutes, and hamstrings.",Intermediate,"Keep your eye on the kettlebell and maintain a slow, controlled movement.",10,5,5,7,No
Kettlebell Deadlift,The Fundamental Strength Builder,"A fundamental exercise that targets the posterior chain, teaching proper lifting mechanics.","1. Stand with feet hip-width apart, kettlebell between your feet. 2. Hinge at the hips, bending knees slightly, and grasp the kettlebell handle with both hands. 3. Drive through your heels, extending hips and knees to lift the kettlebell. 4. Lower the kettlebell back to the ground, maintaining a flat back.","Glutes, hamstrings, lower back, and core.",Beginner,Keep your core engaged and chest lifted throughout the movement.,25,10,3,5,No
Kettlebell Clean,The Explosive Hip-Drive Transition,An explosive exercise that transitions the kettlebell from the ground to the racked position.,"1. Stand with feet shoulder-width apart, kettlebell between your feet. 2. Squat down and grasp the kettlebell handle with one hand. 3. Drive through your heels and extend your hips, pulling the kettlebell upwards. 4. Rotate your hand and tuck your elbow, catching the kettlebell in the racked position.","Glutes, hamstrings, quads, core, shoulders, and grip.",Intermediate,Keep the kettlebell close to your body and use hip drive to generate power.,15,5,3,5,No
Kettlebell Snatch,The Ultimate Overhead Powerhouse,"A full-body, explosive exercise that moves the kettlebell from the ground to overhead in one fluid motion.","1. Stand with feet shoulder-width apart, kettlebell between your feet. 2. Squat down and grasp the kettlebell handle with one hand. 3. Drive through your heels and extend your hips, pulling the kettlebell upwards. 4. Punch your hand towards the ceiling, catching the kettlebell overhead with a straight arm.","Glutes, hamstrings, quads, core, shoulders, and grip.",Advanced,Keep the kettlebell close to your body and use hip drive to generate power.,20,10,3,5,No
Kettlebell High Pull,The Upper Body Power Developer,An explosive exercise that targets the upper body and encourages powerful hip drive.,"1. Stand with feet shoulder-width apart, kettlebell between your feet. 2. Squat down and grasp the kettlebell handle with one hand. 3. Drive through your heels and extend your hips, pulling the kettlebell upwards. 4. At the top of the movement, pull your elbow back and up, keeping your hand close to your body.","Glutes, hamstrings, quads, core, shoulders, and grip.",Intermediate,Keep the kettlebell close to your body and use hip drive to generate power.,15,5,3,5,No
Kettlebell Front Squat,The Anterior Chain Strengthener,A lower body exercise that focuses on the quadriceps while challenging core stability.,"1. Clean a kettlebell into the racked position with one hand. 2. Stand with feet shoulder-width apart. 3. Lower into a squat by bending your knees and pushing your hips back, keeping your chest up and the kettlebell close to your body. 4. Push through your heels to return to the starting position. 5. Repeat for desired reps, then switch sides.","Quadriceps, hamstrings, glutes, and core.",Intermediate,Keep your chest up and engage your core throughout the movement.,20,10,3,5,No
Kettlebell Push Press,The Overhead Strength Amplifier,"A powerful exercise that combines a shoulder press with a leg drive, increasing overhead strength.","1. Clean a kettlebell into the racked position with one hand. 2. Stand with feet shoulder-width apart. 3. Slightly bend your knees and then forcefully extend them, using the momentum to press the kettlebell overhead. 4. Lower the kettlebell back to the racked position. 5. Repeat for desired reps, then switch sides.","Shoulders, triceps, core, and legs.",Intermediate,Use the momentum generated by your legs to help press the kettlebell overhead.,15,5,3,5,No
Kettlebell Halo,The Circular Shoulder Mobilizer,A shoulder mobility and core stability exercise performed in a circular motion around the head.,"1. Stand with feet shoulder-width apart, holding the kettlebell by the horns at chest level. 2. Slowly circle the kettlebell around your head, keeping your elbows close to your body. 3. Complete desired number of rotations in one direction, then reverse the direction for an equal number of rotations.","Shoulders, upper back, and core.",Beginner,"Keep your core engaged and maintain a slow, controlled movement.",10,5,5,7,No
Kettlebell Row,The Unilateral Back Strengthener,A single-arm rowing exercise that targets the upper back and promotes core stability.,"1. Stand in a staggered stance with your left foot forward, holding a kettlebell in your right hand. 2. Hinge at the hips, keeping your back flat, and place your left hand on your left thigh for support. 3. Pull the kettlebell towards your ribs, keeping your elbow close to your body. 4. Lower the kettlebell and repeat for desired reps. Switch sides.","Upper back, biceps, and core.",Intermediate,Keep your back flat and avoid rotating your torso during the movement.,15,5,3,5,No
Kettlebell Single Leg Deadlift,The Balance and Stability Challenge,A unilateral exercise that targets the posterior chain while challenging balance and stability.,"1. Stand with feet hip-width apart, holding a kettlebell in your right hand. 2. Hinge at the hips and lift your left leg behind you, keeping it straight. 3. Lower the kettlebell towards the ground, maintaining a flat back. 4. Drive through your right heel to return to the starting position. Repeat for desired reps. Switch sides.","Glutes, hamstrings, lower back, and core.",Intermediate,"Keep your core engaged and maintain a slow, controlled movement.",20,10,3,5,No
Kettlebell Overhead Press,The Vertical Push Power,A shoulder-strengthening exercise that challenges core stability while pressing the kettlebell overhead.,"1. Stand with feet shoulder-width apart, holding a kettlebell in the racked position (handle resting in the V between your thumb and index finger, elbow tucked in). 2. Brace your core and press the kettlebell overhead, extending your arm fully. 3. Lower the kettlebell back to the racked position. Repeat for desired reps. Switch sides.","Shoulders, triceps, and core.",Intermediate,Keep your core engaged and avoid arching your lower back during the movement.,15,5,3,5,No
Kettlebell Renegade Row,The Plank and Pull Challenge,"A dynamic exercise that combines a plank with a single-arm row, targeting the upper back, core, and shoulder stability.","1. Begin in a high plank position with a kettlebell under each hand. 2. Brace your core and pull the right kettlebell towards your ribs, keeping your elbow close to your body. 3. Lower the kettlebell and repeat on the left side. Continue alternating sides for desired reps.","Upper back, shoulders, core, and biceps.",Advanced,Keep your hips square to the ground and avoid rotating your torso during the movement.,20,10,5,7,No
Kettlebell Figure 8,The Core and Coordination Circuit,A dynamic core exercise that involves passing the kettlebell between the legs in a figure-8 pattern.,"1. Stand with feet shoulder-width apart, holding a kettlebell in your right hand. 2. Hinge at the hips, bending your knees slightly. 3. Pass the kettlebell through your legs to your left hand. 4. Bring the kettlebell around your left leg and pass it back to your right hand. Continue the figure-8 motion for desired reps.","Core, glutes, hamstrings, and grip.",Beginner,Maintain a flat back and keep your chest lifted throughout the movement.,10,5,5,7,No
Kettlebell Sots Press,The Squat and Press Stability Test,"A challenging exercise that combines a deep squat with an overhead press, targeting the entire body.","1. Stand with feet shoulder-width apart, holding a kettlebell in the racked position (handle resting in the V between your thumb and index finger, elbow tucked in). 2. Lower into a deep squat, keeping your chest up. 3. While maintaining the squat, press the kettlebell overhead, extending your arm fully. 4. Lower the kettlebell back to the racked position, then return to standing. Repeat for desired reps. Switch sides.","Legs, core, shoulders, and triceps.",Advanced,"Keep your chest up, core engaged, and maintain a stable squat position during the press.",10,5,3,5,No
Kettlebell Reverse Lunge,The Unilateral Leg Strengthener,"A unilateral leg exercise that targets the quadriceps, glutes, and hamstrings while holding a kettlebell at chest level.","1. Stand with feet hip-width apart, holding the kettlebell by the horns at chest level. 2. Step your right foot back into a reverse lunge, lowering your right knee towards the ground. 3. Push through your left heel to return to standing. Repeat for desired reps. Switch sides.","Legs, glutes, and core.",Intermediate,Keep your chest up and engage your core throughout the movement.,20,10,3,5,No
Kettlebell Swing to Squat,The Total Body Power Combo,A dynamic exercise that combines the kettlebell swing with a squat for a full-body challenge.,"1. Stand with feet shoulder-width apart, kettlebell between your feet. 2. Hinge at the hips, bending knees slightly, and grasp the kettlebell handle with both hands. 3. Drive through your heels, extending hips and knees to swing the kettlebell upwards. 4. At the top of the swing, drop into a squat while holding the kettlebell at chest level. 5. Return to standing and repeat the sequence for desired reps.","Legs, glutes, core, and shoulders.",Advanced,Focus on hip drive during the swing and maintain a stable squat position.,25,10,3,5,No
Kettlebell Clean,"A powerful, full-body exercise that involves moving a kettlebell from the ground to the racked position.","A compound exercise that targets your back, shoulders, and legs.","1. Stand with feet shoulder-width apart, kettlebell between your feet. 2. Hinge at the hips, bending knees slightly, and grasp the kettlebell handle with one hand. 3. Explosively extend hips and knees, pulling the kettlebell upwards, and rotate your hand under the kettlebell. 4. Catch the kettlebell in the racked position. Repeat for desired reps. Switch sides.","Legs, glutes, core, back, and shoulders.",Intermediate,Keep the kettlebell close to your body and focus on hip drive during the lift.,20,10,3,5,No
Kettlebell Snatch,"A high-intensity, full-body exercise that moves a kettlebell from the ground to overhead in one smooth motion.","A full-body exercise that targets your shoulders, back, legs, and core.","1. Stand with feet shoulder-width apart, kettlebell between your feet. 2. Hinge at the hips, bending knees slightly, and grasp the kettlebell handle with one hand. 3. Explosively extend hips and knees, pulling the kettlebell upwards and overhead, extending your arm fully. 4. Lower the kettlebell in a controlled manner to the ground. Repeat for desired reps. Switch sides.","Legs, glutes, core, back, and shoulders.",Advanced,Keep the kettlebell close to your body and focus on hip drive during the lift.,20,10,3,5,No
Kettlebell High Pull,A compound upper body exercise that involves pulling a kettlebell upward while engaging the core.,"A variation of the Kettlebell Swing that targets your back, shoulders, and legs.","1. Stand with feet shoulder-width apart, kettlebell between your feet. 2. Hinge at the hips, bending knees slightly, and grasp the kettlebell handle with one hand. 3. Explosively extend hips and knees, pulling the kettlebell upwards, keeping your elbow high and pointed outwards. 4. Lower the kettlebell in a controlled manner to the ground. Repeat for desired reps. Switch sides.","Legs, glutes, core, back, and shoulders.",Intermediate,Keep the kettlebell close to your body and focus on hip drive during the lift.,15,5,3,5,No
Kettlebell Pistol Squat,The Single-Leg Strengthener,"A challenging lower body exercise that targets the quadriceps, glutes, and hamstrings while balancing on one leg.","1. Hold a kettlebell at chest level with both hands. 2. Stand on one leg with the other leg extended in front of you. 3. Lower into a squat on your standing leg, keeping your other leg extended. 4. Drive through your heel to return to standing. Repeat for desired reps. Switch legs.","Quadriceps, glutes, hamstrings, and core.",Advanced,Maintain a tight core and focus on balance throughout the movement.,20,10,3,5,No
Kettlebell Slingshot,The Orbiting Kettlebell,"A core-engaging exercise that involves passing a kettlebell around your body while maintaining a strong, stable stance.","1. Stand with feet shoulder-width apart, holding a kettlebell with one hand. 2. Pass the kettlebell from one hand to the other, wrapping it around your body at waist level. 3. Continue passing the kettlebell in a circular motion, maintaining a strong core. Switch directions.",Core and grip strength.,Beginner,"Keep your core engaged and maintain a controlled, fluid motion.",10,5,5,7,No
Kettlebell Bottoms-Up Press,The Inverted Stability Test,"A challenging shoulder press variation that focuses on grip strength, shoulder stability, and overall upper body control.","1. Stand with feet shoulder-width apart, holding a kettlebell by the handle with the bottom up. 2. Keep the kettlebell at shoulder level with your elbow close to your body. 3. Press the kettlebell overhead, maintaining the bottoms-up position. 4. Lower the kettlebell back to the starting position. Repeat for desired reps. Switch sides.","Shoulders, upper back, and grip strength.",Advanced,Engage your core and focus on grip and shoulder stability.,10,5,3,5,No
Kettlebell Lateral Lunge,The Side-to-Side Strengthen,"A lower body exercise targeting the glutes, hamstrings, and quads, while promoting hip mobility and balance.","1. Stand with feet shoulder-width apart, holding a kettlebell with both hands at chest level. 2. Step out to one side, keeping the other leg straight. 3. Lower into a lunge, bending the knee of the stepping leg, while keeping the other leg straight. 4. Push back to the starting position. Repeat for desired reps. Switch sides.","Glutes, hamstrings, quads, and core.",Intermediate,Keep your chest up and maintain balance during the movement.,15,10,3,5,No
Kettlebell Thruster,The Full-Body Powerhouse,"A dynamic, full-body exercise combining a front squat and overhead press, targeting the lower and upper body.","1. Stand with feet shoulder-width apart, holding a kettlebell in each hand at shoulder level with palms facing each other. 2. Lower into a front squat, keeping your chest up and elbows high. 3. Drive through your heels to stand up, simultaneously pressing the kettlebells overhead. 4. Lower the kettlebells back to the starting position. Repeat for desired reps.","Legs, glutes, shoulders, and core.",Intermediate,Focus on a smooth transition between the squat and overhead press.,20,10,3,5,No
Kettlebell Deck Squat,Build explosive power and mobility.,"A full-body exercise that targets your legs, core, and shoulders. It also helps to improve your mobility, balance, and coordination.",1. Hold the kettlebell in front of your chest with both hands. 2. Squat down until your buttocks touch the ground. 3. Return to standing by pushing through your heels. 4. Repeat for the desired number of repetitions.,"Legs, Core, Shoulders",Intermediate,"Make sure to keep your chest lifted throughout the exercise. Also, try to keep your feet flat on the ground. If you find it difficult to maintain your balance, you can place your hands on the ground for support.",150,50,3,5,No
Kettlebell Double Clean and Press,Increase strength and endurance.,"This exercise is a combination of two movements: the clean and the press. It targets your shoulders, arms, and core.",1. Hold a kettlebell in each hand at shoulder height. 2. Clean the kettlebells to your shoulders. 3. Press the kettlebells overhead. 4. Lower the kettlebells back to your shoulders. 5. Repeat for the desired number of repetitions.,"Shoulders, Arms, Core",Advanced,"Start with a light weight and focus on your technique before increasing the weight. Also, make sure to keep your elbows close to your body during the press.",150,50,8,12,No
Kettlebell Bent Press,Develop shoulder and core stability.,"This exercise is a combination of a side bend and a press. It targets your shoulders, core, and obliques.",1. Hold a kettlebell in one hand and extend your arm overhead. 2. Bend to the side with the kettlebell. 3. Press the kettlebell overhead. 4. Return to the starting position. 5. Repeat for the desired number of repetitions.,"Shoulders, Core, Obliques",Advanced,"Focus on keeping your arm extended overhead throughout the exercise. Also, make sure to engage your core and obliques to maintain your balance.",150,50,8,12,No
Kettlebell Sumo Deadlift High Pull,Improve explosive power and strength.,"This exercise targets your legs, glutes, and shoulders. It also helps to improve your explosive power and strength.",1. Hold a kettlebell with both hands between your legs. 2. Stand with your feet wider than shoulder-width apart. 3. Squat down and grab the kettlebell with an overhand grip. 4. Stand up and pull the kettlebell to your chest while keeping your elbows high. 5. Lower the kettlebell back to the starting position. 6. Repeat for the desired number of repetitions.,"Legs, Glutes, Shoulders",Intermediate,"Focus on keeping your chest lifted throughout the exercise. Also, be sure to use your legs and hips to generate the power needed to lift the kettlebell.",150,50,8,12,No
Kettlebell Single-Arm Swing,Build core strength and stability.,"This exercise targets your core, back, and shoulders. It also helps to improve your balance and coordination.","1. Stand with your feet shoulder-width apart and hold the kettlebell with one hand. 2. Hinge at the hips and swing the kettlebell back between your legs. 3. Stand up and swing the kettlebell up to shoulder height. 4. Lower the kettlebell back down between your legs. 5. Repeat for the desired number of repetitions, then switch hands.","Core, Back, Shoulders",Intermediate,"Focus on keeping your back straight and your core engaged throughout the exercise. Also, be sure to use your hips and legs to generate the power needed to swing the kettlebell.",150,50,8,12,No
Kettlebell Gorilla Row,Increase upper body strength and muscle definition.,"This exercise targets your back, biceps, and shoulders. It also helps to improve your grip strength.","1. Stand with your feet wider than shoulder-width apart and hold the kettlebell with one hand between your legs. 2. Hinge at the hips and lower the kettlebell towards the ground. 3. Pull the kettlebell up to your chest while keeping your elbow close to your body. 4. Lower the kettlebell back down and repeat for the desired number of repetitions, then switch hands.","Back, Biceps, Shoulders",Intermediate,"Focus on keeping your back straight and your core engaged throughout the exercise. Also, be sure to use your biceps and shoulders to pull the kettlebell up to your chest.",150,50,8,12,No
Kettlebell Half-Kneeling Press,Improve shoulder and core stability.,"This exercise targets your shoulders, core, and hips. It also helps to improve your balance and stability.","1. Kneel on one knee with the opposite foot flat on the ground. 2. Hold the kettlebell in one hand at shoulder height. 3. Press the kettlebell overhead. 4. Lower the kettlebell back down to the starting position. 5. Repeat for the desired number of repetitions, then switch sides.","Shoulders, Core, Hips",Intermediate,"Focus on keeping your core engaged and your back straight throughout the exercise. Also, be sure to keep your elbow close to your body during the press.",150,50,8,12,No
Kettlebell Farmer's Walk,Increase grip strength and endurance.,"This exercise targets your grip, back, and legs. It also helps to improve your balance and coordination.",1. Hold a kettlebell in each hand at your sides. 2. Walk forward for the desired distance. 3. Lower the kettlebells back to the starting position. 4. Repeat for the desired number of sets or distance.,"Grip, Back, Legs",Beginner,"Focus on keeping your back straight and your core engaged throughout the exercise. Also, be sure to take short, quick steps to maintain your balance.",200,50,8,12,No
Kettlebell Side Press,Build shoulder and core strength and stability.,"This exercise targets your shoulders, core, and hips. It also helps to improve your balance and stability.","1. Stand with your feet wider than shoulder-width apart and hold the kettlebell with one hand at shoulder height. 2. Bend to the side with the kettlebell. 3. Press the kettlebell overhead. 4. Lower the kettlebell back down to the starting position. 5. Repeat for the desired number of repetitions, then switch sides.","Shoulders, Core, Hips",Advanced,"Focus on keeping your back straight and your core engaged throughout the exercise. Also, be sure to use your hips and legs to generate the power needed to press the kettlebell overhead.",150,50,8,12,No
Kettlebell Seesaw Press,Build shoulder and core strength and stability.,"This exercise targets your shoulders, core, and hips. It also helps to improve your balance and stability.",1. Stand with your feet wider than shoulder-width apart and hold a kettlebell in each hand at shoulder height. 2. Press one kettlebell overhead while lowering the other kettlebell to your shoulder. 3. Lower the first kettlebell back down to your shoulder while pressing the second kettlebell overhead. 4. Continue alternating sides for the desired number of repetitions.,"Shoulders, Core, Hips",Advanced,"Focus on keeping your back straight and your core engaged throughout the exercise. Also, be sure to use your hips and legs to generate the power needed to press the kettlebells overhead.",150,50,8,12,No
Kettlebell Bottoms-Up Clean,Increase grip strength and wrist stability.,"This exercise targets your grip, forearms, and shoulders. It also helps to improve your wrist stability and control.","1. Hold the kettlebell upside down by the handle. 2. Swing the kettlebell back between your legs. 3. Clean the kettlebell to your shoulder while keeping the bottom of the kettlebell facing up. 4. Lower the kettlebell back down to the starting position. 5. Repeat for the desired number of repetitions, then switch sides.","Grip, Forearms, Shoulders",Advanced,"Start with a light weight and focus on your technique before increasing the weight. Also, be sure to keep your wrist stable and your elbow close to your body during the clean.",100,50,8,12,No
Kettlebell Alternating Floor Press,Build upper body strength and endurance.,"This exercise targets your chest, shoulders, and triceps. It also helps to improve your balance and stability.",1. Lie on your back with a kettlebell in one hand at your chest. 2. Press the kettlebell up towards the ceiling. 3. Lower the kettlebell back down to your chest. 4. Repeat with the other hand. 5. Continue alternating sides for the desired number of repetitions.,"Chest, Shoulders, Triceps",Beginner,"Focus on keeping your core engaged and your back flat on the ground throughout the exercise. Also, be sure to use your chest and shoulders to press the kettlebell up towards the ceiling.",20,50,8,12,No
Kettlebell Single-Leg Romanian Deadlift,Improve balance and stability.,"This exercise targets your hamstrings, glutes, and core. It also helps to improve your balance and stability.","1. Hold the kettlebell in one hand at your side. 2. Stand on one leg with your other foot slightly behind you. 3. Hinge at the hips and lower the kettlebell towards the ground while lifting your other leg behind you. 4. Stand back up to the starting position. 5. Repeat for the desired number of repetitions, then switch sides.","Hamstrings, Glutes, Core",Intermediate,"Focus on keeping your back straight and your core engaged throughout the exercise. Also, be sure to keep your knee in line with your toes and your foot flexed during the lift.",75,25,2,4,No
Kettlebell Z-Press,Improve shoulder and core stability.,"This exercise targets your shoulders, core, and triceps. It also helps to improve your balance and stability.",1. Sit on the ground with your legs straight and your back straight. 2. Hold the kettlebell with both hands at shoulder height with your palms facing in. 3. Press the kettlebell overhead. 4. Lower the kettlebell back down to your shoulders. 5. Repeat for the desired number of repetitions.,"Shoulders, Core, Triceps",Intermediate,"Focus on keeping your back straight and your core engaged throughout the exercise. Also, be sure to keep your elbows close to your body during the press.",75,25,2,4,No
Kettlebell Alternating Hang Clean,Build explosive power and strength in your legs.,"This exercise targets your legs, glutes, and shoulders. It also helps to improve your explosive power and strength.","1. Hold a kettlebell in each hand with your palms facing your body. 2. Hinge at the hips and lower the kettlebells towards the ground. 3. Stand up and pull the kettlebells towards your shoulders while keeping your elbows high. 4. Lower the kettlebells back down to the starting position. 5. Repeat for the desired number of repetitions, alternating hands each time.","Legs, Glutes, Shoulders",Intermediate,"Focus on keeping your back straight and your core engaged throughout the exercise. Also, be sure to use your legs and hips to generate the power needed to lift the kettlebells.",75,25,2,4,No
Kettlebell Cossack Squat,Improve hip and ankle mobility.,"This exercise targets your quads, hamstrings, and glutes. It also helps to improve your hip and ankle mobility.","1. Stand with your feet wider than shoulder-width apart, with your toes pointed slightly outwards. 2. Hold a kettlebell with both hands in front of your chest. 3. Shift your weight to one side and lower into a squat, keeping your other leg straight. 4. Stand back up and repeat on the other side. 5. Repeat for the desired number of repetitions.","Quads, Hamstrings, Glutes",Intermediate,"Focus on keeping your back straight and your core engaged throughout the exercise. Also, be sure to keep your knees in line with your toes during the squat.",75,25,2,4,No
Kettlebell Double Front Squat,Build leg strength and endurance. Improve squat mechanics.,"This exercise targets your quads, glutes, and hamstrings. It also helps to improve your squat mechanics and leg strength and endurance.","1. Hold a kettlebell in each hand in front of your shoulders with your elbows pointing down. 2. Squat down as low as you can, keeping your back straight and your core engaged. 3. Stand back up to the starting position. 4. Repeat for the desired number of repetitions.","Quads, Glutes, Hamstrings",Intermediate,"Focus on keeping your back straight and your core engaged throughout the exercise. Also, be sure to keep your knees in line with your toes during the squat.",75,25,2,4,No
Kettlebell Single-Arm Overhead Lunge,Improve lower body and core strength and stability.,"This exercise targets your quads, hamstrings, glutes, and core. It also helps to improve your lower body and core strength and stability.","1. Hold a kettlebell in one hand overhead with your arm straight. 2. Lunge forward with your opposite leg, bending both knees to 90 degrees. 3. Stand back up to the starting position. 4. Repeat for the desired number of repetitions, then switch sides.","Quads, Hamstrings, Glutes, Core",Intermediate,"Focus on keeping your back straight and your core engaged throughout the exercise. Also, be sure to keep your knee in line with your toes and your foot flexed during the lunge.",75,25,2,4,No
Kettlebell Hammer Curl,Build bicep and forearm strength.,This exercise targets your biceps and forearms. It also helps to improve your bicep and forearm strength.,"1. Hold a kettlebell in each hand with your palms facing in. 2. Curl the kettlebells towards your shoulders, keeping your elbows close to your body. 3. Lower the kettlebells back down to the starting position. 4. Repeat for the desired number of repetitions.","Biceps, Forearms",Beginner,"Focus on keeping your elbow close to your body during the curl. Also, be sure to use a weight that allows you to complete the exercise with good form.",75,25,1,2,No
Kettlebell Lying Triceps Extension,Build tricep strength and size. Improve elbow and shoulder health.,"This exercise targets your triceps. It also helps to improve your tricep strength and size, as well as your elbow and shoulder health.","1. Lie on your back with your knees bent and your feet flat on the ground. 2. Hold a kettlebell with both hands above your chest. 3. Lower the kettlebell towards your forehead, keeping your elbows close to your head. 4. Press the kettlebell back up to the starting position. 5. Repeat for the desired number of repetitions.",Triceps,Intermediate,"Focus on keeping your elbows close to your head throughout the exercise. Also, be sure to use a weight that allows you to complete the exercise with good form.",75,25,2,4,No
Kettlebell Alternating Push Press,Improve shoulder and core strength.,"This exercise targets your shoulders, core, and triceps. It also helps to improve your shoulder and core strength.","1. Hold a kettlebell in each hand in the racked position with your elbows close to your body and your palms facing in. 2. Dip down into a quarter squat, then explosively stand up and press the kettlebells overhead. 3. Lower the kettlebells back down to the racked position. 4. Repeat with the other arm. 5. Alternate arms for the desired number of repetitions.","Shoulders, Core, Triceps",Intermediate,"Focus on keeping your core engaged throughout the exercise. Also, be sure to use a weight that allows you to complete the exercise with good form.",75,25,2,4,No
Kettlebell Diagonal Lift,Improve rotational strength and stability.,"This exercise targets your core, shoulders, and hips. It also helps to improve your rotational strength and stability.","1. Stand with your feet shoulder-width apart and hold a kettlebell with both hands in front of your right hip. 2. Keeping your arms straight, lift the kettlebell up and across your body to the left, ending with the kettlebell above your left shoulder. 3. Lower the kettlebell back down to the starting position. 4. Repeat for the desired number of repetitions, then switch sides.","Core, Shoulders, Hips",Intermediate,"Focus on keeping your back straight and your core engaged throughout the exercise. Also, be sure to use a weight that allows you to complete the exercise with good form.",75,25,2,4,No
Kettlebell Crush Curl,Build bicep and forearm strength. Improve grip strength and endurance.,"This exercise targets your biceps, forearms, and grip. It also helps to improve your bicep and forearm strength, as well as your grip strength and endurance.","1. Hold a kettlebell in each hand with your palms facing up and your arms extended in front of your body. 2. Curl the kettlebells towards your shoulders, squeezing them together at the top of the movement. 3. Lower the kettlebells back down to the starting position. 4. Repeat for the desired number of repetitions.","Biceps, Forearms, Grip",Beginner,"Focus on keeping your elbow close to your body during the curl. Also, be sure to use a weight that allows you to complete the exercise with good form.",75,25,1,2,No
Kettlebell Single-Leg Squat to Press,Improve leg and shoulder strength and stability.,"This exercise targets your quads, glutes, core, and shoulders. It also helps to improve your leg and shoulder strength and stability.","1. Hold a kettlebell in one hand in the racked position with your elbow close to your body and your palm facing in. 2. Balance on one leg and squat down, keeping your knee in line with your toes. 3. Stand back up and press the kettlebell overhead. 4. Lower the kettlebell back down to the racked position. 5. Repeat for the desired number of repetitions, then switch sides.","Quads, Glutes, Core, Shoulders",Advanced,"Focus on keeping your knee in line with your toes during the squat. Also, be sure to use a weight that allows you to complete the exercise with good form.",75,25,2,4,No
Kettlebell Upright Row,Build upper back and shoulder strength.,This exercise targets your upper back and shoulders. It also helps to improve your upper back and shoulder strength.,"1. Hold a kettlebell in each hand in front of your thighs with your palms facing your body. 2. Keeping your elbows higher than your wrists, pull the kettlebells up towards your chin. 3. Lower the kettlebells back down to the starting position. 4. Repeat for the desired number of repetitions.","Upper Back, Shoulders",Intermediate,"Focus on keeping your elbows higher than your wrists throughout the exercise. Also, be sure to use a weight that allows you to complete the exercise with good form.",75,25,2,4,No
Kettlebell Single-Arm Bent Over Row,"The Lawn Mower, Unilateral Strength and Stability","The Kettlebell Single-Arm Bent Over Row is an effective compound exercise that targets the back, shoulders, and biceps while also promoting stability and balance.","1. Stand with feet hip-width apart, holding a kettlebell in one hand. 2. Bend at the hips and knees, keeping your back straight, and lower your torso until it's almost parallel to the floor. 3. Let the kettlebell hang at arm's length, palm facing your body. 4. Pull the kettlebell up to your ribcage, keeping your elbow close to your body. 5. Lower the kettlebell back down to the starting position. 6. Complete the desired number of reps and then switch arms.","Back, Shoulders, Biceps, Core",Intermediate,1. Maintain a neutral spine throughout the movement. 2. Avoid rounding your shoulders or back. 3. Focus on squeezing your shoulder blades together at the top of the movement. 4. Keep your core engaged to maintain stability. 5. Make sure not to jerk the weight up or use momentum to complete the movement.,50,25,3,5,No
Kettlebell Double Windmill,Dynamic Full Body Mobility,"The Kettlebell Double Windmill is a challenging full-body exercise that engages multiple muscle groups while improving mobility, stability, and coordination.","1. Stand with feet shoulder-width apart, holding a kettlebell in each hand. 2. Press both kettlebells overhead, locking your elbows. 3. Begin to pivot your feet to one side, slightly bending the knee of the pivoting leg. 4. Simultaneously, begin to rotate your torso in the same direction, bending at the hips and extending your free arm toward the ground. 5. Lower your body until your free hand touches the ground, keeping both kettlebells extended overhead. 6. Reverse the movement to return to the starting position. 7. Repeat on the other side, alternating sides for the desired number of reps.","Shoulders, Core, Glutes, Hamstrings, Quads, Back",Advanced,"1. Maintain control and stability throughout the movement. 2. Keep your eyes on the kettlebells overhead to maintain balance. 3. Move slowly and deliberately to ensure proper form. 4. Warm up your shoulders, hips, and spine before attempting this exercise. 5. Start with a lighter kettlebell to practice the movement pattern before increasing weight.",30,15,5,8,No
Kettlebell Tater,Explosive Total Body Conditioning,"The Kettlebell Tater is a dynamic, full-body movement that combines a kettlebell swing, high pull, and goblet squat, making it an excellent exercise for strength, power, and cardiovascular conditioning.","1. Stand with feet shoulder-width apart, holding a kettlebell with both hands by the handle. 2. Begin the movement with a kettlebell swing, driving your hips forward to generate momentum. 3. As the kettlebell reaches chest height, perform a high pull by bending your elbows and pulling the kettlebell toward your chest. 4. As the kettlebell reaches its highest point, quickly transition to a goblet grip by grabbing the sides of the kettlebell handle. 5. Descend into a goblet squat, keeping your chest up and core engaged. 6. Stand up and return the kettlebell to the starting position by reversing the grip and swinging it back down between your legs. Repeat for the desired number of reps.","Glutes, Hamstrings, Quads, Back, Shoulders, Core",Intermediate,1. Keep your core engaged throughout the entire movement. 2. Ensure proper form and technique during each component of the exercise. 3. Focus on generating power from your hips during the kettlebell swing. 4. Maintain a controlled tempo during the goblet squat. 5. Begin with a lighter kettlebell to practice the movement before increasing weight. 6. Use a mirror to check your form if necessary.,40,20,4,6,No
Kettlebell Good Morning,Effective Hamstring and Lower Back,"The Kettlebell Good Morning is a functional hinge movement that targets the posterior chain, specifically the hamstrings, glutes, and lower back, while promoting hip mobility and core stability.","1. Stand with feet hip-width apart, holding a kettlebell by the handle with both hands at chest level. 2. Engage your core and keep your back straight as you hinge at the hips, pushing your glutes back. 3. Lower your torso until it's nearly parallel to the floor, keeping the kettlebell close to your chest. 4. Squeeze your glutes and push your hips forward to return to the starting position. 5. Repeat for the desired number of reps.","Hamstrings, Glutes, Lower Back, Core",Beginner,"1. Maintain a neutral spine throughout the movement. 2. Keep your core engaged and your chest lifted. 3. Focus on hinging at the hips, not bending at the waist. 4. Keep the kettlebell close to your chest to maintain stability. 5. Warm up your hamstrings and hips before performing this exercise. 6. Start with a lighter kettlebell to perfect your form before increasing weight.",35,15,4,6,No
Kettlebell Bridge Press,Glute Activation and Chest Strength,"The Kettlebell Bridge Press is a compound exercise that combines a glute bridge with a chest press, targeting the glutes, hamstrings, chest, and triceps while promoting core stability.","1. Lie on your back with your knees bent and feet flat on the floor, holding a kettlebell in each hand at chest level. 2. Press your heels into the ground and lift your hips into a glute bridge position, keeping your core engaged. 3. While maintaining the bridge position, press the kettlebells up, fully extending your arms and keeping your wrists straight. 4. Lower the kettlebells back down to your chest, maintaining control. 5. Lower your hips back down to the ground. 6. Repeat for the desired number of reps.","Glutes, Hamstrings, Chest, Triceps, Core",Intermediate,1. Keep your core engaged and maintain a neutral spine throughout the movement. 2. Press your heels firmly into the ground during the glute bridge to activate your glutes and hamstrings. 3. Avoid arching your lower back during the bridge. 4. Maintain control while pressing and lowering the kettlebells. 5. Focus on squeezing your chest muscles at the top of the press. 6. Start with lighter kettlebells to perfect your form before increasing weight.,45,20,3,5,No
Kettlebell Overhead Triceps Extension,Isolated Triceps Strength,The Kettlebell Overhead Triceps Extension is a targeted isolation exercise that focuses on strengthening the triceps muscles while also engaging the core and shoulder stabilizers.,"1. Stand with feet shoulder-width apart, holding a kettlebell by the handle with both hands overhead, elbows fully extended. 2. Engage your core and keep your chest lifted as you slowly bend your elbows, lowering the kettlebell behind your head. 3. Keep your upper arms close to your head and your elbows pointing forward throughout the movement. 4. Once your elbows reach a 90-degree angle, press the kettlebell back up to the starting position, fully extending your arms. 5. Repeat for the desired number of reps.","Triceps, Core, Shoulders",Beginner,"1. Keep your core engaged and maintain an upright posture throughout the movement. 2. Focus on moving only your forearms, keeping your upper arms stationary. 3. Avoid flaring your elbows out to the sides. 4. Use a controlled tempo to ensure proper form and muscle engagement. 5. Start with a lighter kettlebell to perfect your form before increasing weight. 6. Warm up your shoulders and triceps before performing this exercise.",30,10,4,6,No
Kettlebell Y-Press,Dynamic Shoulder and Upper Back,"The Kettlebell Y-Press is a unique shoulder exercise that targets the deltoids, upper back, and trapezius muscles, while also engaging the core for stability.","1. Stand with feet shoulder-width apart, holding a kettlebell in each hand at shoulder level, palms facing each other. 2. Engage your core and press the kettlebells up and out at a 45-degree angle, forming a ""Y"" shape with your arms at the top of the movement. 3. Keep your wrists straight and maintain control throughout the movement. 4. Slowly lower the kettlebells back down to the starting position. 5. Repeat for the desired number of reps.","Deltoids, Upper Back, Trapezius, Core",Intermediate,1. Keep your core engaged and maintain an upright posture throughout the movement. 2. Focus on a controlled tempo to ensure proper form and muscle engagement. 3. Avoid arching your back or using momentum to press the kettlebells. 4. Warm up your shoulders before performing this exercise. 5. Start with lighter kettlebells to perfect your form before increasing weight. 6. Use a mirror to check your form if necessary.,40,20,3,5,No
Kettlebell Courtesy Lunge to Y-Press,Full Body Strengthening with Added Mobility,This exercise is a combination of two movements:,1. Hold the kettlebell in the rack position.,"Shoulders, Upper Back, Quads, Glutes, Hamstrings, Core",Intermediate,"- Maintain a tight core throughout the exercise. - Keep your chest up and your shoulders down. - When lunging, keep your knee over your ankle and your weight in your heel. - When pressing, focus on pushing the kettlebell straight up while keeping your wrist neutral. - Use a lighter kettlebell to start and progress to a heavier weight as you feel comfortable.",75,50,3,5,No
Kettlebell Double Renegade Row,Full-Body Strength and Stability,"The Kettlebell Double Renegade Row is a challenging full-body exercise that combines a push-up and a row, targeting the chest, back, shoulders, biceps, triceps, and core while promoting balance and stability.","1. Place two kettlebells on the ground, shoulder-width apart. 2. Get into a push-up position with your hands on the kettlebell handles, feet hip-width apart. 3. Engage your core and perform a push-up, lowering your chest towards the ground while maintaining a neutral spine. 4. Push back up to the starting position. 5. Pull one kettlebell up toward your ribcage, keeping your elbow close to your body. 6. Lower the kettlebell back to the ground and repeat the row on the other side. 7. Continue alternating sides for the desired number of reps.","Chest, Back, Shoulders, Biceps, Triceps, Core",Advanced,1. Maintain a neutral spine and engage your core throughout the movement. 2. Keep your body in a straight line during the push-up and row. 3. Avoid rotating your hips during the row. 4. Focus on squeezing your shoulder blades together at the top of the row. 5. Keep your wrists straight and stable while gripping the kettlebells. 6. Warm up your upper body and core before performing this exercise. 7. Start with lighter kettlebells to perfect your form before increasing weight.,50,25,4,6,No
Kettlebell Plank Drag,Core Stability and Upper Body Strength,"The Kettlebell Plank Drag is a challenging exercise that targets the core, back, shoulders, and arms while promoting stability and balance.","1. Place a kettlebell on the ground to the left of your body. 2. Get into a high plank position with your hands on the ground, shoulder-width apart, and your feet wider than hip-width for stability. 3. Engage your core and maintain a neutral spine. 4. Reach your right hand underneath your body and grab the kettlebell handle. 5. Drag the kettlebell across the ground to the right side of your body while keeping your hips and shoulders as stable as possible. 6. Return your right hand to the starting position. 7. Repeat the movement with your left hand, dragging the kettlebell to the left side of your body. 8. Continue alternating sides for the desired number of reps.","Core, Back, Shoulders, Arms",Advanced,1. Keep your core engaged and maintain a neutral spine throughout the movement. 2. Focus on minimizing hip and shoulder rotation during the drag. 3. Keep your feet wider than hip-width for added stability. 4. Use a controlled tempo to ensure proper form and muscle engagement. 5. Warm up your upper body and core before performing this exercise. 6. Start with a lighter kettlebell to perfect your form before increasing weight. 7. Adjust the position of the kettlebell as needed to maintain proper alignment and challenge.,40,20,3,5,No
Kettlebell Shinbox Press,"Core, Hip Mobility, and Shoulder Strength","The Kettlebell Shinbox Press is a dynamic exercise that targets the core, hips, and shoulders while promoting mobility and stability.","1. Sit on the ground with both legs bent and knees to one side, keeping your feet flat on the floor (shinbox position). 2. Hold a kettlebell in your right hand, elbow bent and the kettlebell resting on your shoulder. 3. Engage your core and press the kettlebell overhead, fully extending your arm. 4. Lower the kettlebell back to your shoulder, maintaining control throughout the movement. 5. Switch to the other side by moving your legs to the opposite shinbox position and repeat the movement with the left hand. 6. Continue alternating sides for the desired number of reps.","Core, Hips, Shoulders",Intermediate,1. Keep your core engaged and maintain a tall posture throughout the movement. 2. Focus on a controlled tempo to ensure proper form and muscle engagement. 3. Warm up your hips and shoulders before performing this exercise. 4. Start with a lighter kettlebell to perfect your form before increasing weight. 5. Use a mirror to check your form if necessary.,40,20,3,5,No
Kettlebell Alternating Lunge Press,Total Body Strength and Stability Exercise,This exercise combines lunges and overhead press,1. Hold the kettlebell in the rack position.,"Quadriceps, Glutes, Hamstrings, Shoulders, Core",Intermediate,"- Keep your core tight throughout the exercise. - Don't let your front knee extend beyond your toes during the lunge. - Press the kettlebell overhead in a straight line, without arching your back.",75,50,3,5,No
Kettlebell Staggered Stance Deadlift,Strengthen Your Lower Body and Improve Posture,A variation of the classic deadlift exercise.,1. Stand with your feet hip-width apart.,"Glutes, Hamstrings, Quads, Lower Back",Beginner,- Keep your back straight and chest up. - Engage your core throughout the exercise. - Keep the kettlebell close to your body as you lift.,75,50,2,4,No
Kettlebell Bottoms-Up Lunge,Improve Balance and Coordination,This exercise challenges your stability.,1. Hold the kettlebell upside down by the handle.,"Quads, Glutes, Hamstrings, Shoulders, Core",Advanced,"- Start with a light kettlebell until you feel comfortable with the exercise. - Keep your core tight throughout the exercise. - Focus on your form and balance, rather than speed.",75,50,2,4,No
Kettlebell Rack and Roll,Build Strong Shoulders and Improve Mobility,This exercise targets your shoulders and core.,"1. Start by holding the kettlebell in the rack position with your elbow close to your body and your wrist straight. 2. Keeping your elbow close to your body, lift the kettlebell up to your shoulder. 3. From the rack position, roll the kettlebell back to your chest, keeping your wrist straight. 4. Repeat for the desired number of reps before switching sides.","Shoulders, Core",Intermediate,- Keep your core tight throughout the exercise. - Avoid using momentum to lift the kettlebell. - Use a lighter kettlebell to start and progress to a heavier weight as you feel comfortable.,75,50,3,5,No
Kettlebell Single-Arm Floor Press,Increase Chest and Tricep Strength,This exercise isolates the chest and tricep muscles.,"1. Lie on your back with your knees bent and your feet flat on the ground. Hold the kettlebell in one hand with your elbow on the floor. 2. Keeping your wrist straight, press the kettlebell up towards the ceiling until your arm is fully extended. 3. Lower the kettlebell back down to your chest and repeat for the desired number of reps before switching sides.","Chest, Triceps",Beginner,- Keep your core engaged throughout the exercise. - Exhale as you press the kettlebell up and inhale as you lower it down. - Use a lighter kettlebell to start and progress to a heavier weight as you feel comfortable.,75,50,1,2,No
Kettlebell Shrug,Improve Upper Back Strength and Posture,This exercise targets the upper back muscles.,"1. Start by holding the kettlebell with both hands in front of your thighs, palms facing in. 2. Keeping your arms straight, lift the kettlebell straight up towards your chin by shrugging your shoulders up. 3. Lower the kettlebell back down to your thighs and repeat for the desired number of reps.","Upper Back, Trapezius",Beginner,"- Keep your back straight and your core engaged throughout the exercise. - Avoid shrugging your shoulders up to your ears. Instead, focus on lifting your shoulders straight up and squeezing your shoulder blades together. - Use a lighter kettlebell to start and progress to a heavier weight as you feel comfortable.",75,50,1,2,No
Kettlebell Side Bend,Improve Core Strength and Stability,This exercise targets the oblique muscles and improves core strength and stability.,"1. Stand with your feet hip-width apart, holding the kettlebell in your right hand. 2. Keeping your core tight, bend to the right as far as you can without twisting your hips. 3. Pause, then return to the starting position. 4. Repeat for the desired number of reps before switching sides.","Obliques, Core",Beginner,- Keep your back straight and your core engaged throughout the exercise. - Don't twist your hips as you bend to the side. - Use a lighter kettlebell to start and progress to a heavier weight as you feel comfortable.,60,40,1,2,No
Kettlebell Woodchopper,Build Total Body Strength and Improve Coordination,This exercise targets your entire body and improves coordination.,"1. Stand with your feet hip-width apart, holding the kettlebell with both hands. 2. Raise the kettlebell overhead with both hands, keeping your arms straight. 3. Swing the kettlebell down to the outside of your left knee, bending your knees and rotating your hips as you do so. 4. Swing the kettlebell back up to the starting position, using your hips and legs to power the movement. 5. Repeat for the desired number of reps before switching sides.","Shoulders, Back, Core, Glutes, Quads",Intermediate,"- Keep your back straight and your core engaged throughout the exercise. - Use your hips and legs to power the movement, not your arms. - Use a lighter kettlebell to start and progress to a heavier weight as you feel comfortable.",75,50,1,2,No
Kettlebell Double Swing,Increase Power and Build Total Body Strength,"This exercise is a variation of the classic kettlebell swing, using two kettlebells to increase power and build total body strength.","1. Stand with your feet hip-width apart, holding a kettlebell in each hand. 2. Bend your knees and hinge forward at the hips, swinging the kettlebells back between your legs. 3. Explosively stand up, swinging the kettlebells up to shoulder height. 4. Let the kettlebells swing back down between your legs, and repeat for the desired number of reps.","Shoulders, Back, Core, Glutes, Quads",Advanced,"- Keep your back straight and your core engaged throughout the exercise. - Use your hips and legs to power the movement, not your arms. - Use a lighter kettlebell to start and progress to a heavier weight as you feel comfortable.",85,60,1,2,No
Kettlebell Split-Squat,Increase Leg Strength and Improve Balance,This exercise targets the quads and glutes and improves leg strength and balance.,"1. Start by standing with your feet hip-width apart, holding a kettlebell in each hand. 2. Take a big step back with your right foot and bend both knees to lower your body down into a lunge position. 3. Pause, then push back up to the starting position. 4. Repeat for the desired number of reps before switching sides.","Quads, Glutes",Intermediate,- Keep your core engaged throughout the exercise. - Avoid letting your front knee go past your toes as you lunge. - Use a lighter kettlebell to start and progress to a heavier weight as you feel comfortable.,75,50,1,2,No
Kettlebell Get-Up Sit-Up,Build Core Strength and Improve Mobility,This exercise combines the kettlebell get-up and sit-up to improve core strength and mobility.,"1. Lie on your back with your knees bent and your feet flat on the ground, holding a kettlebell in your right hand. 2. Press the kettlebell up towards the ceiling with your arm fully extended. 3. Keeping your eyes on the kettlebell, sit up to a seated position. 4. Stand up while keeping the kettlebell overhead. 5. Reverse the movements to return to the starting position. 6. Repeat for the desired number of reps before switching sides.",Core,Advanced,- Keep your core engaged throughout the exercise. - Use a lighter kettlebell to start and progress to a heavier weight as you feel comfortable. - Break the exercise down into each movement and practice each one before putting them together.,85,60,3,5,No
Kettlebell Arm Bar,Improve Your Shoulder Mobility and Stability,The Kettlebell Arm Bar is an exercise that promotes shoulder stability and mobility. It also helps to increase thoracic spine mobility and core strength.,"1. Lie on your back with your knees bent and your feet flat on the floor. 2. Hold the kettlebell with your right hand, and press it straight up towards the ceiling. 3. Roll onto your left side while keeping the kettlebell pressed up. 4. Press your right foot into the ground and roll onto your right side, bringing the kettlebell with you. 5. Extend your right arm overhead, keeping the kettlebell vertical. 6. Reverse the movement to return to the starting position.","Shoulders, thoracic spine, core",Intermediate,"Make sure to keep your wrist in a neutral position throughout the exercise. Also, ensure that the kettlebell stays vertical and that your arm remains straight. To increase the challenge, you can try holding the kettlebell for a longer duration or increasing the weight of the kettlebell.",80,50,3,5,No
Kettlebell Plank Row,Strengthen Your Core and Upper Body,"The Kettlebell Plank Row is an exercise that targets the core and upper body. It helps to improve stability, strength, and balance.",1. Begin in a high plank position with your hands gripping the kettlebells. 2. Row one kettlebell up to your ribcage while keeping your body in a straight line. 3. Lower the kettlebell back down and repeat on the other side. 4. Continue alternating sides for the desired number of reps.,"Core, upper back, shoulders, biceps, triceps, lats",Intermediate,"Keep your core engaged throughout the exercise and avoid letting your hips sag. Also, make sure to pull the kettlebell up towards your ribcage while keeping your elbow close to your body. To increase the challenge, you can try holding a static plank position for a longer duration or increasing the weight of the kettlebells.",80,50,2,3,No
Kettlebell Strict Press,Build Strong Shoulders and Arms,The Kettlebell Strict Press is a classic exercise that targets the shoulders and arms. It helps to increase strength and stability in the upper body.,"1. Begin with the kettlebell in the rack position, with your elbow close to your body and your wrist in a neutral position. 2. Press the kettlebell straight up towards the ceiling, keeping your core engaged and your wrist straight. 3. Lower the kettlebell back down to the rack position and repeat for the desired number of reps.","Shoulders, triceps, biceps",Intermediate,"Make sure to keep your wrist in a neutral position throughout the exercise, and avoid shrugging your shoulders. To increase the challenge, you can try increasing the weight of the kettlebell or performing the exercise for a longer duration.",80,50,1,2,No
Kettlebell Front Rack Lunge,Build Leg Strength with Kettlebell Lunges,"The Kettlebell Front Rack Lunge is a compound exercise that targets the quadriceps, glutes, hamstrings, and core while also improving balance and stability.","1. Start by standing with your feet shoulder-width apart and hold a kettlebell in the front rack position, with your elbows close to your body. 2. Step forward with one foot and lower your body until your front thigh is parallel to the ground. Your back knee should be bent and hovering above the ground. 3. Push off with your front foot to return to the starting position. 4. Repeat on the opposite leg.","Quadriceps, Glutes, Hamstrings, Core",Intermediate,Keep your chest up and engage your core throughout the exercise. Use a weight that challenges you but allows you to maintain proper form.,80,50,2,3,No
Kettlebell Single-Arm Overhead Squat,Build Full-Body Strength and Stability,"The Kettlebell Single-Arm Overhead Squat is a challenging exercise that targets the legs, shoulders, and core while also improving balance and stability.","1. Start by holding a kettlebell overhead with one arm, elbow fully extended. 2. Hold the kettlebell steady and squat down, keeping your chest up and your weight on your heels. 3. Pause briefly at the bottom of the squat, then stand back up. 4. Repeat for desired reps and then switch arms.","Legs, Shoulders, Core",Advanced,Keep your arm extended throughout the exercise and engage your core to maintain proper form. Start with a lighter weight and focus on technique before increasing the load.,80,50,6,8,No
Kettlebell Reverse Fly,Strengthen your upper back and shoulders with this kettlebell exercise,"The Kettlebell Reverse Fly is an effective exercise that targets your upper back and shoulders, helping to improve your posture and upper body strength.","1. Stand with your feet shoulder-width apart and hold a kettlebell in each hand with palms facing each other. 2. Hinge at the hips and bend forward, keeping your back straight and core engaged. 3. Slightly bend your elbows and raise your arms out to the sides until they are parallel to the ground. 4. Hold for a moment, then slowly lower the weights back down to the starting position.",Upper back and shoulders,Intermediate,- Keep your neck in a neutral position throughout the exercise. - Focus on squeezing your shoulder blades together at the top of the movement.,80,20,2,3,No
Kettlebell Double Bent Over Row,Strengthen your back and biceps with this kettlebell exercise,"The Kettlebell Double Bent Over Row is an effective exercise that targets your back and biceps, helping to improve your posture and upper body strength.","1. Stand with your feet shoulder-width apart and hold a kettlebell in each hand with palms facing in. 2. Hinge at the hips and bend forward, keeping your back straight and core engaged. 3. Bend your elbows and lift the weights up towards your chest, squeezing your shoulder blades together at the top of the movement. 4. Lower the weights back down to the starting position.",Back and biceps,Intermediate,"- Keep your neck in a neutral position throughout the exercise. - Focus on pulling the weights towards your chest with your back muscles, rather than just using your arms.",80,20,2,3,No
Kettlebell Alternating Snatch,Build explosive power and improve your conditioning with this kettlebell exercise,"The Kettlebell Alternating Snatch is a full-body exercise that targets your legs, glutes, core, shoulders, and arms. It is a great exercise to build explosive power and improve your conditioning.","1. Begin by standing with your feet shoulder-width apart and hold a kettlebell in one hand between your legs. 2. Swing the kettlebell back between your legs and then quickly drive your hips forward, explosively lifting the kettlebell up to shoulder height. 3. As the kettlebell reaches shoulder height, punch your arm up towards the ceiling and straighten your elbow. 4. Lower the kettlebell back down to the starting position and repeat on the other side.","Legs, glutes, core, shoulders, and arms",Advanced,"- Practice the movement pattern without a kettlebell first to ensure proper form. - Keep your core engaged throughout the exercise to protect your lower back. - Use your legs and hips to generate power, not just your arms.",100,40,1,2,No
Kettlebell Close Grip Floor Press,Strengthen your triceps and chest with this kettlebell exercise,"The Kettlebell Close Grip Floor Press is an effective exercise that targets your triceps and chest, helping to improve your upper body strength and stability.","1. Lie on your back on the floor with your knees bent and feet flat on the ground. Hold a kettlebell in each hand with palms facing each other and elbows close to your sides. 2. Press the kettlebells up towards the ceiling until your arms are fully extended. 3. Lower the kettlebells down towards your chest, keeping your elbows close to your sides. 4. Once the kettlebells touch your chest, press them back up towards the ceiling.",Triceps and chest,Intermediate,- Keep your core engaged throughout the exercise to protect your lower back. - Keep your elbows close to your sides to target your triceps. - Use a weight that allows you to maintain proper form throughout the exercise.,80,20,2,3,No
Kettlebell Skull Crusher,Build strong triceps with this kettlebell exercise,The Kettlebell Skull Crusher is a great exercise to isolate and strengthen your triceps. This exercise can be performed lying down or standing up.,"1. Begin by lying down on your back on a bench or the floor, holding a kettlebell with both hands above your chest. 2. Bend your elbows and lower the kettlebell towards your forehead, keeping your elbows close to your head. 3. Pause when the kettlebell is just above your forehead, and then extend your arms back up towards the ceiling. 4. Repeat for the desired number of repetitions.",Triceps,Intermediate,"- Keep your elbows close to your head throughout the exercise to target your triceps. - Use a weight that allows you to maintain proper form throughout the exercise. - If performing the exercise standing up, keep your feet shoulder-width apart and your core engaged for stability.",80,20,2,3,No
Kettlebell Single-Arm Rack Squat,Strengthen your legs and core with this kettlebell exercise,"The Kettlebell Single-Arm Rack Squat is an effective exercise that targets your legs and core, helping to improve your lower body strength and stability.","1. Begin by holding a kettlebell in one hand and bringing it up to your shoulder, with your elbow bent and the kettlebell resting on your forearm. 2. Stand with your feet shoulder-width apart and your toes pointing forward. 3. Lower your body into a squat position by bending your knees and hips, while keeping your chest lifted and your core engaged. 4. Pause briefly at the bottom of the squat and then return to standing. 5. Repeat for the desired number of repetitions and then switch sides.",Legs and core,Intermediate,"- Keep your chest lifted and your core engaged throughout the exercise to maintain proper form. - Use a weight that allows you to maintain proper form throughout the exercise. - If you experience any pain or discomfort, stop the exercise immediately.",80,20,2,3,No
Kettlebell Deck Squat to Press,Build total-body strength and coordination with this kettlebell exercise,"The Kettlebell Deck Squat to Press is a full-body exercise that targets your legs, glutes, core, shoulders, and arms. It is a great exercise to build total-body strength and coordination.",1. Begin by standing with your feet hip-width apart and holding a kettlebell with both hands at chest height. 2. Lower your body down to the ground by bending your knees and sitting back onto your heels. Roll onto your back and extend your legs straight out in front of you. 3. Roll back up to a seated position and then stand back up while pressing the kettlebell overhead. 4. Lower the kettlebell back down to chest height and repeat for the desired number of repetitions.,"Legs, glutes, core, shoulders, and arms",Advanced,"- Keep your core engaged throughout the exercise to protect your lower back. - Use a weight that allows you to maintain proper form throughout the exercise. - If you experience any pain or discomfort, stop the exercise immediately.",80,20,2,3,No
Kettlebell Jefferson Curl,Improve your spinal mobility and flexibility with this kettlebell exercise,"The Kettlebell Jefferson Curl is a great exercise to improve your spinal mobility and flexibility. It targets the muscles in your back, hamstrings, and calves.","1. Begin by holding a kettlebell with both hands in front of your body, with your arms straight and your palms facing your body. 2. Slowly roll your spine down, starting with your neck and working your way down to your lower back. 3. Keep your legs straight and try to touch your toes with the kettlebell. 4. Slowly roll your spine back up to a standing position.","Back, hamstrings, and calves",Advanced,"- Keep your core engaged throughout the exercise to protect your lower back. - Use a weight that allows you to maintain proper form throughout the exercise. - If you experience any pain or discomfort, stop the exercise immediately.",50,10,2,3,No
Kettlebell Jump Squat,Build explosive power and improve your lower body strength with this kettlebell exercise,"The Kettlebell Jump Squat is an effective exercise that targets your legs, glutes, and core, helping to build explosive power and improve your lower body strength.","1. Begin by holding a kettlebell with both hands at chest height. 2. Stand with your feet shoulder-width apart and lower your body into a squat position, keeping your chest lifted and your core engaged. 3. Explosively jump up into the air, extending your hips, knees, and ankles. 4. Land softly back in the squat position and repeat for the desired number of repetitions.","Legs, glutes, and core",Advanced,- Use a weight that allows you to maintain proper form throughout the exercise. - Land softly to protect your joints. - Engage your core throughout the exercise to maintain proper form.,80,20,1,2,No
Kettlebell Hand-to-Hand Swing,Build explosive power and improve your cardiovascular fitness with this kettlebell exercise,"The Kettlebell Hand-to-Hand Swing is a dynamic exercise that targets your legs, glutes, back, and shoulders, while also improving your cardiovascular fitness and explosiveness.","1. Begin by standing with your feet shoulder-width apart and holding a kettlebell in one hand at hip height, with your palm facing inward. 2. Swing the kettlebell back and then explosively swing it forward, using the power from your legs and hips to propel the kettlebell. 3. At the top of the swing, transfer the kettlebell to your other hand and then repeat, transferring the kettlebell back and forth between your hands with each swing. 4. Continue for the desired number of repetitions or time.","Legs, glutes, back, and shoulders",Advanced,- Keep your core engaged throughout the exercise to maintain proper form. - Use a weight that challenges you but allows you to maintain proper form throughout the exercise. - Engage your legs and hips to generate power for the swing.,80,20,1,2,No
Kettlebell Goblet Thruster,Build leg and shoulder strength with this full-body kettlebell exercise,"The Kettlebell Goblet Thruster is a full-body exercise that targets your legs, shoulders, and core, helping to build strength and power.","1. Begin by holding a kettlebell by the horns at chest height, with your feet shoulder-width apart. 2. Lower your body into a squat position, keeping your chest lifted and your core engaged. 3. Explosively stand up, pressing the kettlebell overhead as you do so. 4. Lower the kettlebell back down to chest height and repeat for the desired number of repetitions.","Legs, shoulders, and core",Intermediate,- Use a weight that challenges you but allows you to maintain proper form throughout the exercise. - Keep your chest lifted throughout the exercise to maintain proper form. - Engage your core to protect your lower back.,80,20,1,2,No
Kettlebell Side Lunge and Touch,Improve your lower body strength and flexibility with this kettlebell exercise,"The Kettlebell Side Lunge and Touch is a great exercise to improve your lower body strength and flexibility, as well as your balance and coordination.","1. Begin by holding a kettlebell in one hand at shoulder height. 2. Take a big step to the side with the opposite leg, lowering your body into a side lunge position while reaching down with the kettlebell to touch the ground. 3. Push off the ground with your bent leg to return to the starting position. 4. Repeat on the other side, alternating sides for the desired number of repetitions.",Legs and glutes,Beginner,- Use a weight that allows you to maintain proper form throughout the exercise. - Keep your chest lifted throughout the exercise to maintain proper form. - Engage your core to protect your lower back.,50,10,2,3,No
Kettlebell Double Push Press,Build upper body and core strength with this explosive kettlebell exercise,"The Kettlebell Double Push Press is an explosive exercise that targets your shoulders, triceps, chest, and core, helping to build upper body and core strength.","1. Begin by holding a kettlebell in each hand at shoulder height, with your palms facing inward. 2. Dip down into a quarter squat and then explosively press the kettlebells overhead, using the power from your legs and hips to propel the kettlebells. 3. Lower the kettlebells back down to shoulder height and repeat for the desired number of repetitions.","Shoulders, triceps, chest, and core",Intermediate,- Use a weight that challenges you but allows you to maintain proper form throughout the exercise. - Keep your core engaged throughout the exercise to maintain proper form. - Engage your legs and hips to generate power for the press.,80,20,1,2,No
Kettlebell Racked Reverse Lunges,Build leg strength and stability with this kettlebell exercise,"The Kettlebell Racked Reverse Lunges is a great exercise to build leg strength and stability, as well as improve your balance and coordination.","1. Begin by holding a kettlebell in one hand at shoulder height, with your elbow close to your body and your palm facing upward. 2. Step back with the opposite leg, lowering your body into a lunge position while keeping the kettlebell in the racked position. 3. Push off the ground with your bent leg to return to the starting position. 4. Repeat on the other side, alternating sides for the desired number of repetitions.",Legs and glutes,Intermediate,- Use a weight that allows you to maintain proper form throughout the exercise. - Keep your chest lifted throughout the exercise to maintain proper form. - Engage your core to protect your lower back.,60,20,2,3,No
Kettlebell Lateral Swing,Strengthen your obliques and improve hip mobility with this dynamic exercise.,The kettlebell lateral swing is a variation of the traditional kettlebell swing that targets your obliques and hips.,"1. Stand with your feet shoulder-width apart and hold the kettlebell with both hands in front of you. 2. Swing the kettlebell to the outside of your left leg, keeping your core engaged and your back straight. 3. Return the kettlebell to the starting position, then swing it to the outside of your right leg.","Obliques, hips",Intermediate,Keep your core tight throughout the movement to protect your lower back.,80,20,1,2,No
Kettlebell Dead Clean,Build explosive power with this full-body exercise.,"The kettlebell dead clean is a compound exercise that works your legs, hips, and upper body.","1. Start with two kettlebells on the floor in front of you. 2. Hinge at the hips and grasp the handles of the kettlebells. 3. Stand up and explosively shrug the kettlebells up towards your shoulders, keeping your elbows high and close to your body. 4. Lower the kettlebells back down to the floor under control, and repeat for the desired number of reps.","Legs, hips, upper body",Intermediate,Keep your core engaged throughout the movement to protect your lower back.,80,20,1,2,No